<?xml version="1.0" encoding="utf-8"?>
<manifest identifier="sZzwwoCEukINR" xmlns="http://www.imsproject.org/xsd/imscp_rootv1p1p2" xmlns:adlcp="http://www.adlnet.org/xsd/adlcp_rootv1p2" xmlns:xsi="http://www.w3.org/2001/XMLSchema-instance" xmlns:lom="http://www.imsglobal.org/xsd/imsmd_rootv1p2p1" xsi:schemaLocation="http://www.imsproject.org/xsd/imscp_rootv1p1p2 imscp_rootv1p1p2.xsd http://www.imsglobal.org/xsd/imsmd_rootv1p2p1 imsmd_rootv1p2p1.xsd http://www.adlnet.org/xsd/adlcp_rootv1p2 adlcp_rootv1p2.xsd">
<metadata>
<schema>ADL SCORM</schema>
<schemaversion>1.2</schemaversion>
<lom:lom>
<lom:general>
<lom:title>
<lom:langstring>Презентация для пробного Scorm пакета</lom:langstring>
</lom:title>
</lom:general>
<lom:educational>
<lom:typicallearningtime>
<lom:datetime>01:00:00</lom:datetime>
</lom:typicallearningtime>
</lom:educational>
</lom:lom>
</metadata>
<organizations default="prezentatsiia_dlia_probnogo_scorm_paketa_organization">
<organization identifier="prezentatsiia_dlia_probnogo_scorm_paketa_organization">
<title>Презентация для пробного Scorm пакета</title>
<item identifier="item" identifierref="resource">
<title>Презентация для пробного Scorm пакета</title>
</item>
</organization>
</organizations>
<resources>
<resource identifier="resource" type="webcontent" adlcp:scormtype="sco" href="res/index.html">
<file href="res/index.html"/>
<file href="res/lms.js"/>
<file href="res/data/thmb1.swf"/>
<file href="res/data/thmb2.swf"/>
<file href="res/data/thmb3.swf"/>
<file href="res/data/thmb4.swf"/>
<file href="res/data/thmb5.swf"/>
<file href="res/data/thmb6.swf"/>
<file href="res/data/quiz1.swf"/>
<file href="res/data/quiz1/fnt1.ttf"/>
<file href="res/data/quiz1/fnt1.woff"/>
<file href="res/data/quiz1/fnt2.ttf"/>
<file href="res/data/quiz1/fnt2.woff"/>
<file href="res/data/quiz1/fnt3.ttf"/>
<file href="res/data/quiz1/fnt3.woff"/>
<file href="res/data/quiz1/fnt4.ttf"/>
<file href="res/data/quiz1/fnt4.woff"/>
<file href="res/data/quiz1/fnt5.ttf"/>
<file href="res/data/quiz1/fnt5.woff"/>
<file href="res/data/quiz1/fnt6.ttf"/>
<file href="res/data/quiz1/fnt6.woff"/>
<file href="res/data/quiz1/fnt7.ttf"/>
<file href="res/data/quiz1/fnt7.woff"/>
<file href="res/data/quiz1/fnt8.ttf"/>
<file href="res/data/quiz1/fnt8.woff"/>
<file href="res/data/assets.swf"/>
<file href="res/data/slide1.swf"/>
<file href="res/data/slide2.swf"/>
<file href="res/data/slide3.swf"/>
<file href="res/data/slide4.swf"/>
<file href="res/data/slide5.swf"/>
<file href="res/data/sound1.mp3"/>
<file href="res/data/video1.mp4"/>
<file href="res/data/presentation.xml"/>
<file href="res/data/flash.png"/>
<file href="res/data/flash-required.html"/>
<file href="res/data/player.swf"/>
<file href="res/data/isplayer.js"/>
<file href="res/flash.html"/>
<file href="res/data/thmb1.png"/>
<file href="res/data/slide1.js"/>
<file href="res/data/slide1.css"/>
<file href="res/data/thmb2.png"/>
<file href="res/data/slide2.js"/>
<file href="res/data/slide2.css"/>
<file href="res/data/thmb3.png"/>
<file href="res/data/slide3.js"/>
<file href="res/data/slide3.css"/>
<file href="res/data/thmb4.png"/>
<file href="res/data/slide4.js"/>
<file href="res/data/slide4.css"/>
<file href="res/data/thmb5.jpg"/>
<file href="res/data/slide5.js"/>
<file href="res/data/slide5.css"/>
<file href="res/data/thmb6.png"/>
<file href="res/data/quiz1.js"/>
<file href="res/data/quizplayer.js"/>
<file href="res/data/player.js"/>
<file href="res/data/eraser.cur"/>
<file href="res/data/highlighter.cur"/>
<file href="res/data/marker.cur"/>
<file href="res/data/lock.cur"/>
<file href="res/data/apple-touch-icon.png"/>
<file href="res/data/favicon.ico"/>
<file href="res/data/fnt0.ttf"/>
<file href="res/data/fnt0.woff"/>
<file href="res/data/fnt1.ttf"/>
<file href="res/data/fnt1.woff"/>
<file href="res/data/fnt10.ttf"/>
<file href="res/data/fnt10.woff"/>
<file href="res/data/fnt2.ttf"/>
<file href="res/data/fnt2.woff"/>
<file href="res/data/fnt3.ttf"/>
<file href="res/data/fnt3.woff"/>
<file href="res/data/fnt4.ttf"/>
<file href="res/data/fnt4.woff"/>
<file href="res/data/fnt5.ttf"/>
<file href="res/data/fnt5.woff"/>
<file href="res/data/fnt6.ttf"/>
<file href="res/data/fnt6.woff"/>
<file href="res/data/fnt7.ttf"/>
<file href="res/data/fnt7.woff"/>
<file href="res/data/fnt8.ttf"/>
<file href="res/data/fnt8.woff"/>
<file href="res/data/fnt9.ttf"/>
<file href="res/data/fnt9.woff"/>
<file href="res/data/html5-unsupported.html"/>
<file href="res/data/html5.png"/>
<file href="res/data/img0.png"/>
<file href="res/data/img1.png"/>
<file href="res/data/img10.png"/>
<file href="res/data/img11.png"/>
<file href="res/data/img12.png"/>
<file href="res/data/img13.jpg"/>
<file href="res/data/img14.png"/>
<file href="res/data/img15.png"/>
<file href="res/data/img16.png"/>
<file href="res/data/img17.jpg"/>
<file href="res/data/img2.png"/>
<file href="res/data/img3.png"/>
<file href="res/data/img4.png"/>
<file href="res/data/img5.png"/>
<file href="res/data/img6.png"/>
<file href="res/data/img7.png"/>
<file href="res/data/img8.png"/>
<file href="res/data/img9.png"/>
<file href="res/data/isplayer.js"/>
</resource>
</resources>
</manifest>
